player_name,acc_x__nonstationary_portion,acc_y__nonstationary_portion,acc_z__nonstationary_portion,gyro_x__nonstationary_portion,gyro_y__nonstationary_portion,gyro_z__nonstationary_portion,lean_back_portion,acc_x__oscillations,acc_y__oscillations,acc_z__oscillations,gyro_x__oscillations,gyro_y__oscillations,gyro_z__oscillations
Rustam Tsagolov,0.009442194784019841,0.006728568476006032,0.004523986313219073,0.008986734233027396,0.012821788620375545,0.008362868100155393,0.00015309598352687218,0.0025442684336959894,0.0019368936085994207,0.0030599097454462377,0.10584271583951174,0.15037987076875975,0.1284354180138828
Dmitrii Shadrin,0.014789148990112397,0.030254373362629934,0.00801632239137521,0.019244002849174824,0.018121234803394864,0.01907498400357354,0.0010503313976651253,0.0014125644807148384,0.0013866356567011145,0.0017469474605840928,0.055861822070021425,0.06695403448858034,0.06906312543362837
Vage Egiazarian,0.018927088335828693,0.0004519901692138196,0.006695104381479702,0.020989293482866746,0.02774089663549818,0.02754315093646713,0.2786519393203198,0.0032952414890561744,0.039319389517346114,0.008818320977566407,0.190663329452154,0.13432266097995632,0.44751139685725233
Alexander Nikitin,0.0008806041100053771,0.028982006062920333,0.003849720622501383,0.009803539560944818,0.011299787252281389,0.006483739995791804,2.3378870177133907e-05,0.003202640614785723,0.00580770388645046,0.001746657779996032,0.04421925650267374,0.060221563700239254,0.04410976960385234
Nikita Klyuchnikov,0.027391686550295113,0.0500062790405626,0.002923521285947507,0.010533718447821173,0.01117166896898154,0.010463393193520031,0.00048725354765791787,0.0014483640715857464,0.0019497086634380656,0.002227699820744035,0.058770021175956026,0.07967952505726021,0.055986295531644165
Vadim Leshchev,0.011891153427942119,0.009693218464512411,0.003680263194579976,0.015622531389113483,0.01470246559046849,0.01570617373444485,0.0004553861023596435,0.0022313382147293634,0.0044512364663210945,0.0028727633282318553,0.1137959362803104,0.13600269290917513,0.22888392371487545
Anton Stepanov,0.00932016821123957,0.015575358898980977,0.0027815494944434926,0.012068760958118565,0.01374296373439498,0.01755276375285076,3.295674756449636e-05,0.0018792182606233146,0.0021894031673741665,0.0026968573529172137,0.1021450581772121,0.11169965437021415,0.12497017008843594
Alexey Trofimov,0.004474248753100363,0.002945006727584176,0.0027450704910325897,0.006900502002064207,0.006311500656547371,0.004879524908272497,8.105523103442686e-05,0.0023835424679939576,0.003662221177481597,0.0030011428047107772,0.12630251411602747,0.1445270591691617,0.20376183250167207
Alexander Menshchikov,0.02358151895193249,0.018443750291388877,0.006191430835936407,0.011618257261410789,0.019329572474241226,0.01946011469066157,0.0013054221642034593,0.0007799607303740506,0.001602734882535779,0.0017256326536348127,0.07063545903463274,0.0745154086333663,0.09789425004271528
Ekateraina Kondrateva,0.01340131695546073,0.01162901664598983,0.009195511990293247,0.01646875979877575,0.013612629684666876,0.014655560251393984,0.04458016932284495,0.0013867711686222624,0.007744782885663605,0.002728669455796261,0.063586766465753,0.060536459202828345,0.05954391711943019
Artem Arkhipov,0.005920405324406545,0.006191827918075614,0.0063162299401739366,0.01275120726507809,0.012236635264580482,0.01337887201293781,0.0024371487056535066,0.004612997478259996,0.004933549407795258,0.0029635460617535763,0.1326754726555475,0.16944922329354123,0.20410045698072019
Alexandr Notchenko,0.007536605489899881,0.010311521236725765,0.004088485331122158,0.012257246183464621,0.016083017597727525,0.017289859653299728,0.0017404796991925652,0.0024606316069024988,0.0037566264029972557,0.0022218859139725455,0.07416726474391162,0.09816962890702051,0.13881830599177364
Denis Stolyarov,0.009934481820275051,0.01592949992673686,0.0035250036631570133,0.014451677725912127,0.01085550415506667,0.013664622276181107,0.001607602620727189,0.0016440203088279352,0.004374577747439081,0.00257795244820989,0.10916431998960466,0.0690120943350322,0.06826464213975425
Alexander Novikov,0.011002095389622882,0.015640029741014,0.0027349254134884857,0.006187378787169768,0.00622377513297665,0.005527045084673499,7.799216958617355e-05,0.0016547129641230035,0.0017196711645828526,0.0026260926834743153,0.09687916205590459,0.10478117460513502,0.09512431383383083
Diana Sungatullina,0.014866014020823827,0.024406811299622518,0.004692620400713486,0.016266022317169285,0.009001534823910067,0.008488198448583398,0.0015659352055419587,0.000995765522624626,0.001912304627245667,0.0020090046120158573,0.06333380762365079,0.05413328392031069,0.04163337107019772
Evgeniia Alekseeva,0.015897728416602357,0.015488373653659028,0.008254202597053988,0.020682481629366173,0.02379626212126296,0.026655034728047512,0.0014025433681173036,0.0019796102208150005,0.002445964578386589,0.002860820143971052,0.1355287914125176,0.13842578461845245,0.18118941438333133
Alexey Gusev,0.009710721076035888,0.008025486714539369,0.0037632972454864004,0.01296334124228092,0.013124400936503198,0.01343080718404802,0.0005028205087915024,0.0018491212728317357,0.0018923160164572843,0.002687837637096128,0.12140608473798087,0.14537496870964198,0.14145259012269404
Maxim Panov,0.001225440609483292,0.022474118347504898,0.003127185706275759,0.010370002138740685,0.011387349059821155,0.007791952554639044,0.0001502898860687056,0.0037844535065945915,0.0015165190302818602,0.0019349174049851738,0.047351455983838345,0.06122691745536704,0.04592347717742762
Valentina Shumovskaia,0.006111280604072916,0.005215086568530242,0.0032415528945160554,0.009152619937457097,0.00783693082144764,0.007064678514224697,0.0004194950804667836,0.0014191474616934998,0.0023082595922839814,0.00179698434245517,0.04367731688056005,0.05409880580662895,0.04399993185191886
